CREATE DATABASE  IF NOT EXISTS `odontologia_db` /*!40100 DEFAULT CHARACTER SET utf8mb4 COLLATE utf8mb4_0900_ai_ci */ /*!80016 DEFAULT ENCRYPTION='N' */;
USE `odontologia_db`;
-- MySQL dump 10.13  Distrib 8.0.43, for Win64 (x86_64)
--
-- Host: 127.0.0.1    Database: odontologia_db
-- ------------------------------------------------------
-- Server version	8.0.43

/*!40101 SET @OLD_CHARACTER_SET_CLIENT=@@CHARACTER_SET_CLIENT */;
/*!40101 SET @OLD_CHARACTER_SET_RESULTS=@@CHARACTER_SET_RESULTS */;
/*!40101 SET @OLD_COLLATION_CONNECTION=@@COLLATION_CONNECTION */;
/*!50503 SET NAMES utf8 */;
/*!40103 SET @OLD_TIME_ZONE=@@TIME_ZONE */;
/*!40103 SET TIME_ZONE='+00:00' */;
/*!40014 SET @OLD_UNIQUE_CHECKS=@@UNIQUE_CHECKS, UNIQUE_CHECKS=0 */;
/*!40014 SET @OLD_FOREIGN_KEY_CHECKS=@@FOREIGN_KEY_CHECKS, FOREIGN_KEY_CHECKS=0 */;
/*!40101 SET @OLD_SQL_MODE=@@SQL_MODE, SQL_MODE='NO_AUTO_VALUE_ON_ZERO' */;
/*!40111 SET @OLD_SQL_NOTES=@@SQL_NOTES, SQL_NOTES=0 */;

--
-- Table structure for table `cita`
--

DROP TABLE IF EXISTS `cita`;
/*!40101 SET @saved_cs_client     = @@character_set_client */;
/*!50503 SET character_set_client = utf8mb4 */;
CREATE TABLE `cita` (
  `id` bigint NOT NULL AUTO_INCREMENT,
  `estado` enum('PENDIENTE','ATENDIDA','CANCELADA') NOT NULL,
  `estado_pago` varchar(255) DEFAULT NULL,
  `fecha_hora` datetime(6) NOT NULL,
  `metodo_pago` varchar(255) DEFAULT NULL,
  `observaciones` text,
  `odontologo_id` bigint NOT NULL,
  `paciente_id` bigint NOT NULL,
  PRIMARY KEY (`id`),
  KEY `FK8nahxvrvcdh8r857a6hoi9maw` (`odontologo_id`),
  KEY `FKdbtp2mwrvqktqu8954d3xaddv` (`paciente_id`),
  CONSTRAINT `FK8nahxvrvcdh8r857a6hoi9maw` FOREIGN KEY (`odontologo_id`) REFERENCES `odontologo` (`id`),
  CONSTRAINT `FKdbtp2mwrvqktqu8954d3xaddv` FOREIGN KEY (`paciente_id`) REFERENCES `paciente` (`id`)
) ENGINE=InnoDB AUTO_INCREMENT=8 DEFAULT CHARSET=utf8mb4 COLLATE=utf8mb4_0900_ai_ci;
/*!40101 SET character_set_client = @saved_cs_client */;

--
-- Dumping data for table `cita`
--

LOCK TABLES `cita` WRITE;
/*!40000 ALTER TABLE `cita` DISABLE KEYS */;
INSERT INTO `cita` VALUES (1,'ATENDIDA',NULL,'2026-07-23 10:00:00.000000',NULL,NULL,1,1),(2,'PENDIENTE',NULL,'2026-07-23 11:30:00.000000',NULL,NULL,2,2),(3,'PENDIENTE',NULL,'2026-07-24 16:00:00.000000',NULL,NULL,1,3),(4,'ATENDIDA','PAGADO','2026-07-22 09:30:00.000000','YAPE','',3,1),(5,'PENDIENTE','PENDIENTE','2026-07-22 16:30:00.000000','EFECTIVO','',3,1),(6,'PENDIENTE','PENDIENTE','2026-07-22 17:00:00.000000','EFECTIVO','',2,1),(7,'PENDIENTE','PAGADO','2026-07-22 19:00:00.000000','TARJETA','',6,2);
/*!40000 ALTER TABLE `cita` ENABLE KEYS */;
UNLOCK TABLES;

--
-- Table structure for table `odontograma`
--

DROP TABLE IF EXISTS `odontograma`;
/*!40101 SET @saved_cs_client     = @@character_set_client */;
/*!50503 SET character_set_client = utf8mb4 */;
CREATE TABLE `odontograma` (
  `id` bigint NOT NULL AUTO_INCREMENT,
  `estado` varchar(255) NOT NULL,
  `numero_diente` int NOT NULL,
  `paciente_id` bigint NOT NULL,
  PRIMARY KEY (`id`),
  KEY `FKgw2jgywgakkrqt33tmman809l` (`paciente_id`),
  CONSTRAINT `FKgw2jgywgakkrqt33tmman809l` FOREIGN KEY (`paciente_id`) REFERENCES `paciente` (`id`),
  CONSTRAINT `odontograma_chk_1` CHECK (((`numero_diente` <= 85) and (`numero_diente` >= 11)))
) ENGINE=InnoDB DEFAULT CHARSET=utf8mb4 COLLATE=utf8mb4_0900_ai_ci;
/*!40101 SET character_set_client = @saved_cs_client */;

--
-- Dumping data for table `odontograma`
--

LOCK TABLES `odontograma` WRITE;
/*!40000 ALTER TABLE `odontograma` DISABLE KEYS */;
/*!40000 ALTER TABLE `odontograma` ENABLE KEYS */;
UNLOCK TABLES;

--
-- Table structure for table `odontologo`
--

DROP TABLE IF EXISTS `odontologo`;
/*!40101 SET @saved_cs_client     = @@character_set_client */;
/*!50503 SET character_set_client = utf8mb4 */;
CREATE TABLE `odontologo` (
  `id` bigint NOT NULL AUTO_INCREMENT,
  `activo` bit(1) NOT NULL,
  `apellido` varchar(255) DEFAULT NULL,
  `especialidad` enum('GENERAL','ORTODONCIA','ENDODONCIA','PERIODONCIA','CIRUGIA','ODONTOPEDIATRIA') DEFAULT NULL,
  `nombre` varchar(255) DEFAULT NULL,
  `telefono` varchar(255) DEFAULT NULL,
  `usuario_id` bigint DEFAULT NULL,
  PRIMARY KEY (`id`),
  UNIQUE KEY `UK_l3pa5he146vsxax7lvsdhpkcf` (`usuario_id`),
  CONSTRAINT `FK4umu7c5ixeur2jr7ptpx302js` FOREIGN KEY (`usuario_id`) REFERENCES `usuario` (`id`)
) ENGINE=InnoDB AUTO_INCREMENT=7 DEFAULT CHARSET=utf8mb4 COLLATE=utf8mb4_0900_ai_ci;
/*!40101 SET character_set_client = @saved_cs_client */;

--
-- Dumping data for table `odontologo`
--

LOCK TABLES `odontologo` WRITE;
/*!40000 ALTER TABLE `odontologo` DISABLE KEYS */;
INSERT INTO `odontologo` VALUES (1,_binary '','Smith','GENERAL','John','987654321',2),(2,_binary '','Torres','ORTODONCIA','Ana','912345678',3),(3,_binary '','Llontop','ENDODONCIA','Guillermo','963325511',7),(4,_binary '','Lozano','PERIODONCIA','Juan','974442445',8),(5,_binary '','Polsent','CIRUGIA','Marcelo','974541257',9),(6,_binary '','Vallejos','ODONTOPEDIATRIA','Adrian','987454445',10);
/*!40000 ALTER TABLE `odontologo` ENABLE KEYS */;
UNLOCK TABLES;

--
-- Table structure for table `paciente`
--

DROP TABLE IF EXISTS `paciente`;
/*!40101 SET @saved_cs_client     = @@character_set_client */;
/*!50503 SET character_set_client = utf8mb4 */;
CREATE TABLE `paciente` (
  `id` bigint NOT NULL AUTO_INCREMENT,
  `activo` bit(1) NOT NULL,
  `apellido` varchar(255) DEFAULT NULL,
  `dni` varchar(255) DEFAULT NULL,
  `nombre` varchar(255) DEFAULT NULL,
  `telefono` varchar(255) DEFAULT NULL,
  `usuario_id` bigint DEFAULT NULL,
  PRIMARY KEY (`id`),
  UNIQUE KEY `UK_3588a0oxsfdm3xm7nix2jdher` (`usuario_id`),
  CONSTRAINT `FK4ewjv6al9v7gr2qfghu6pm3ed` FOREIGN KEY (`usuario_id`) REFERENCES `usuario` (`id`)
) ENGINE=InnoDB AUTO_INCREMENT=4 DEFAULT CHARSET=utf8mb4 COLLATE=utf8mb4_0900_ai_ci;
/*!40101 SET character_set_client = @saved_cs_client */;

--
-- Dumping data for table `paciente`
--

LOCK TABLES `paciente` WRITE;
/*!40000 ALTER TABLE `paciente` DISABLE KEYS */;
INSERT INTO `paciente` VALUES (1,_binary '','Gomez','11111111','Carlos','999111222',4),(2,_binary '','Lopez','22222222','Maria','988222333',5),(3,_binary '','Perez','33333333','Luis','977333444',6);
/*!40000 ALTER TABLE `paciente` ENABLE KEYS */;
UNLOCK TABLES;

--
-- Table structure for table `turno_odontologo`
--

DROP TABLE IF EXISTS `turno_odontologo`;
/*!40101 SET @saved_cs_client     = @@character_set_client */;
/*!50503 SET character_set_client = utf8mb4 */;
CREATE TABLE `turno_odontologo` (
  `id` bigint NOT NULL AUTO_INCREMENT,
  `fecha` date NOT NULL,
  `hora_fin` time(6) NOT NULL,
  `hora_inicio` time(6) NOT NULL,
  `odontologo_id` bigint NOT NULL,
  PRIMARY KEY (`id`),
  KEY `FKjr98ie9dps8x52stbs2p20hhg` (`odontologo_id`),
  CONSTRAINT `FKjr98ie9dps8x52stbs2p20hhg` FOREIGN KEY (`odontologo_id`) REFERENCES `odontologo` (`id`)
) ENGINE=InnoDB AUTO_INCREMENT=799 DEFAULT CHARSET=utf8mb4 COLLATE=utf8mb4_0900_ai_ci;
/*!40101 SET character_set_client = @saved_cs_client */;

--
-- Dumping data for table `turno_odontologo`
--

LOCK TABLES `turno_odontologo` WRITE;
/*!40000 ALTER TABLE `turno_odontologo` DISABLE KEYS */;
INSERT INTO `turno_odontologo` VALUES (4,'2026-07-27','15:00:00.000000','07:00:00.000000',1),(5,'2026-07-28','15:00:00.000000','07:00:00.000000',1),(6,'2026-07-22','15:00:00.000000','07:00:00.000000',1),(7,'2026-07-24','15:00:00.000000','07:00:00.000000',1),(8,'2026-07-25','15:00:00.000000','07:00:00.000000',1),(9,'2026-07-23','15:00:00.000000','07:00:00.000000',1),(10,'2026-08-01','15:00:00.000000','07:00:00.000000',1),(11,'2026-07-30','15:00:00.000000','07:00:00.000000',1),(12,'2026-08-04','15:00:00.000000','07:00:00.000000',1),(13,'2026-08-03','15:00:00.000000','07:00:00.000000',1),(14,'2026-07-31','15:00:00.000000','07:00:00.000000',1),(15,'2026-07-29','15:00:00.000000','07:00:00.000000',1),(16,'2026-08-05','15:00:00.000000','07:00:00.000000',1),(17,'2026-08-06','15:00:00.000000','07:00:00.000000',1),(18,'2026-08-07','15:00:00.000000','07:00:00.000000',1),(19,'2026-08-08','15:00:00.000000','07:00:00.000000',1),(20,'2026-08-10','15:00:00.000000','07:00:00.000000',1),(21,'2026-08-11','15:00:00.000000','07:00:00.000000',1),(22,'2026-08-12','15:00:00.000000','07:00:00.000000',1),(23,'2026-08-15','15:00:00.000000','07:00:00.000000',1),(24,'2026-08-14','15:00:00.000000','07:00:00.000000',1),(25,'2026-08-13','15:00:00.000000','07:00:00.000000',1),(26,'2026-08-17','15:00:00.000000','07:00:00.000000',1),(27,'2026-08-19','15:00:00.000000','07:00:00.000000',1),(28,'2026-08-18','15:00:00.000000','07:00:00.000000',1),(29,'2026-08-20','15:00:00.000000','07:00:00.000000',1),(30,'2026-08-21','15:00:00.000000','07:00:00.000000',1),(31,'2026-08-22','15:00:00.000000','07:00:00.000000',1),(32,'2026-08-24','15:00:00.000000','07:00:00.000000',1),(33,'2026-08-25','15:00:00.000000','07:00:00.000000',1),(34,'2026-08-26','15:00:00.000000','07:00:00.000000',1),(35,'2026-08-29','15:00:00.000000','07:00:00.000000',1),(36,'2026-08-27','15:00:00.000000','07:00:00.000000',1),(37,'2026-08-28','15:00:00.000000','07:00:00.000000',1),(38,'2026-09-01','15:00:00.000000','07:00:00.000000',1),(39,'2026-08-31','15:00:00.000000','07:00:00.000000',1),(40,'2026-09-02','15:00:00.000000','07:00:00.000000',1),(41,'2026-09-04','15:00:00.000000','07:00:00.000000',1),(42,'2026-09-03','15:00:00.000000','07:00:00.000000',1),(43,'2026-09-05','15:00:00.000000','07:00:00.000000',1),(44,'2026-09-07','15:00:00.000000','07:00:00.000000',1),(45,'2026-09-08','15:00:00.000000','07:00:00.000000',1),(46,'2026-09-11','15:00:00.000000','07:00:00.000000',1),(47,'2026-09-09','15:00:00.000000','07:00:00.000000',1),(48,'2026-09-10','15:00:00.000000','07:00:00.000000',1),(49,'2026-09-14','15:00:00.000000','07:00:00.000000',1),(50,'2026-09-12','15:00:00.000000','07:00:00.000000',1),(51,'2026-09-15','15:00:00.000000','07:00:00.000000',1),(52,'2026-09-18','15:00:00.000000','07:00:00.000000',1),(53,'2026-09-16','15:00:00.000000','07:00:00.000000',1),(54,'2026-09-17','15:00:00.000000','07:00:00.000000',1),(55,'2026-09-19','15:00:00.000000','07:00:00.000000',1),(56,'2026-09-21','15:00:00.000000','07:00:00.000000',1),(57,'2026-09-22','15:00:00.000000','07:00:00.000000',1),(58,'2026-09-24','15:00:00.000000','07:00:00.000000',1),(59,'2026-09-26','15:00:00.000000','07:00:00.000000',1),(60,'2026-09-28','15:00:00.000000','07:00:00.000000',1),(61,'2026-09-23','15:00:00.000000','07:00:00.000000',1),(62,'2026-09-29','15:00:00.000000','07:00:00.000000',1),(63,'2026-09-25','15:00:00.000000','07:00:00.000000',1),(64,'2026-10-02','15:00:00.000000','07:00:00.000000',1),(65,'2026-09-30','15:00:00.000000','07:00:00.000000',1),(66,'2026-10-01','15:00:00.000000','07:00:00.000000',1),(67,'2026-10-03','15:00:00.000000','07:00:00.000000',1),(68,'2026-10-06','15:00:00.000000','07:00:00.000000',1),(69,'2026-10-05','15:00:00.000000','07:00:00.000000',1),(70,'2026-10-07','15:00:00.000000','07:00:00.000000',1),(71,'2026-10-08','15:00:00.000000','07:00:00.000000',1),(72,'2026-10-09','15:00:00.000000','07:00:00.000000',1),(73,'2026-10-14','15:00:00.000000','07:00:00.000000',1),(74,'2026-10-13','15:00:00.000000','07:00:00.000000',1),(75,'2026-10-12','15:00:00.000000','07:00:00.000000',1),(76,'2026-10-10','15:00:00.000000','07:00:00.000000',1),(77,'2026-10-15','15:00:00.000000','07:00:00.000000',1),(78,'2026-10-16','15:00:00.000000','07:00:00.000000',1),(79,'2026-10-17','15:00:00.000000','07:00:00.000000',1),(80,'2026-10-19','15:00:00.000000','07:00:00.000000',1),(81,'2026-10-20','15:00:00.000000','07:00:00.000000',1),(82,'2026-10-21','15:00:00.000000','07:00:00.000000',1),(83,'2026-10-23','15:00:00.000000','07:00:00.000000',1),(84,'2026-10-22','15:00:00.000000','07:00:00.000000',1),(85,'2026-10-24','15:00:00.000000','07:00:00.000000',1),(86,'2026-10-26','15:00:00.000000','07:00:00.000000',1),(87,'2026-10-27','15:00:00.000000','07:00:00.000000',1),(88,'2026-10-29','15:00:00.000000','07:00:00.000000',1),(89,'2026-10-28','15:00:00.000000','07:00:00.000000',1),(90,'2026-10-30','15:00:00.000000','07:00:00.000000',1),(91,'2026-11-03','15:00:00.000000','07:00:00.000000',1),(92,'2026-11-02','15:00:00.000000','07:00:00.000000',1),(93,'2026-10-31','15:00:00.000000','07:00:00.000000',1),(94,'2026-11-04','15:00:00.000000','07:00:00.000000',1),(95,'2026-11-05','15:00:00.000000','07:00:00.000000',1),(96,'2026-11-07','15:00:00.000000','07:00:00.000000',1),(97,'2026-11-06','15:00:00.000000','07:00:00.000000',1),(98,'2026-11-10','15:00:00.000000','07:00:00.000000',1),(99,'2026-11-11','15:00:00.000000','07:00:00.000000',1),(100,'2026-11-09','15:00:00.000000','07:00:00.000000',1),(101,'2026-11-13','15:00:00.000000','07:00:00.000000',1),(102,'2026-11-14','15:00:00.000000','07:00:00.000000',1),(103,'2026-11-12','15:00:00.000000','07:00:00.000000',1),(104,'2026-11-16','15:00:00.000000','07:00:00.000000',1),(105,'2026-11-18','15:00:00.000000','07:00:00.000000',1),(106,'2026-11-17','15:00:00.000000','07:00:00.000000',1),(107,'2026-11-20','15:00:00.000000','07:00:00.000000',1),(108,'2026-11-23','15:00:00.000000','07:00:00.000000',1),(109,'2026-11-19','15:00:00.000000','07:00:00.000000',1),(110,'2026-11-21','15:00:00.000000','07:00:00.000000',1),(111,'2026-11-24','15:00:00.000000','07:00:00.000000',1),(112,'2026-11-25','15:00:00.000000','07:00:00.000000',1),(113,'2026-11-26','15:00:00.000000','07:00:00.000000',1),(114,'2026-11-28','15:00:00.000000','07:00:00.000000',1),(115,'2026-11-30','15:00:00.000000','07:00:00.000000',1),(116,'2026-11-27','15:00:00.000000','07:00:00.000000',1),(117,'2026-12-02','15:00:00.000000','07:00:00.000000',1),(118,'2026-12-01','15:00:00.000000','07:00:00.000000',1),(119,'2026-12-05','15:00:00.000000','07:00:00.000000',1),(120,'2026-12-04','15:00:00.000000','07:00:00.000000',1),(121,'2026-12-03','15:00:00.000000','07:00:00.000000',1),(122,'2026-12-07','15:00:00.000000','07:00:00.000000',1),(123,'2026-12-11','15:00:00.000000','07:00:00.000000',1),(124,'2026-12-09','15:00:00.000000','07:00:00.000000',1),(125,'2026-12-08','15:00:00.000000','07:00:00.000000',1),(126,'2026-12-10','15:00:00.000000','07:00:00.000000',1),(127,'2026-12-12','15:00:00.000000','07:00:00.000000',1),(128,'2026-12-14','15:00:00.000000','07:00:00.000000',1),(129,'2026-12-15','15:00:00.000000','07:00:00.000000',1),(130,'2026-12-18','15:00:00.000000','07:00:00.000000',1),(131,'2026-12-17','15:00:00.000000','07:00:00.000000',1),(132,'2026-12-19','15:00:00.000000','07:00:00.000000',1),(133,'2026-12-16','15:00:00.000000','07:00:00.000000',1),(134,'2026-12-21','15:00:00.000000','07:00:00.000000',1),(135,'2026-12-22','15:00:00.000000','07:00:00.000000',1),(136,'2026-12-23','15:00:00.000000','07:00:00.000000',1),(137,'2026-12-25','15:00:00.000000','07:00:00.000000',1),(138,'2026-12-24','15:00:00.000000','07:00:00.000000',1),(139,'2026-12-26','15:00:00.000000','07:00:00.000000',1),(140,'2026-12-28','15:00:00.000000','07:00:00.000000',1),(141,'2026-12-29','15:00:00.000000','07:00:00.000000',1),(142,'2026-12-30','15:00:00.000000','07:00:00.000000',1),(143,'2026-12-31','15:00:00.000000','07:00:00.000000',1),(144,'2026-07-26','18:00:00.000000','10:00:00.000000',2),(145,'2026-07-22','18:00:00.000000','10:00:00.000000',2),(146,'2026-07-28','18:00:00.000000','10:00:00.000000',2),(147,'2026-07-27','18:00:00.000000','10:00:00.000000',2),(148,'2026-07-25','18:00:00.000000','10:00:00.000000',2),(149,'2026-07-24','18:00:00.000000','10:00:00.000000',2),(150,'2026-07-31','18:00:00.000000','10:00:00.000000',2),(151,'2026-07-29','18:00:00.000000','10:00:00.000000',2),(152,'2026-08-02','18:00:00.000000','10:00:00.000000',2),(153,'2026-08-03','18:00:00.000000','10:00:00.000000',2),(154,'2026-08-04','18:00:00.000000','10:00:00.000000',2),(155,'2026-08-01','18:00:00.000000','10:00:00.000000',2),(156,'2026-08-05','18:00:00.000000','10:00:00.000000',2),(157,'2026-08-07','18:00:00.000000','10:00:00.000000',2),(158,'2026-08-10','18:00:00.000000','10:00:00.000000',2),(159,'2026-08-09','18:00:00.000000','10:00:00.000000',2),(160,'2026-08-11','18:00:00.000000','10:00:00.000000',2),(161,'2026-08-08','18:00:00.000000','10:00:00.000000',2),(162,'2026-08-12','18:00:00.000000','10:00:00.000000',2),(163,'2026-08-18','18:00:00.000000','10:00:00.000000',2),(164,'2026-08-17','18:00:00.000000','10:00:00.000000',2),(165,'2026-08-15','18:00:00.000000','10:00:00.000000',2),(166,'2026-08-14','18:00:00.000000','10:00:00.000000',2),(167,'2026-08-16','18:00:00.000000','10:00:00.000000',2),(168,'2026-08-19','18:00:00.000000','10:00:00.000000',2),(169,'2026-08-22','18:00:00.000000','10:00:00.000000',2),(170,'2026-08-23','18:00:00.000000','10:00:00.000000',2),(171,'2026-08-21','18:00:00.000000','10:00:00.000000',2),(172,'2026-08-24','18:00:00.000000','10:00:00.000000',2),(173,'2026-08-25','18:00:00.000000','10:00:00.000000',2),(174,'2026-08-26','18:00:00.000000','10:00:00.000000',2),(175,'2026-08-28','18:00:00.000000','10:00:00.000000',2),(176,'2026-08-29','18:00:00.000000','10:00:00.000000',2),(177,'2026-08-31','18:00:00.000000','10:00:00.000000',2),(178,'2026-09-01','18:00:00.000000','10:00:00.000000',2),(179,'2026-08-30','18:00:00.000000','10:00:00.000000',2),(180,'2026-09-02','18:00:00.000000','10:00:00.000000',2),(181,'2026-09-05','18:00:00.000000','10:00:00.000000',2),(182,'2026-09-07','18:00:00.000000','10:00:00.000000',2),(183,'2026-09-06','18:00:00.000000','10:00:00.000000',2),(184,'2026-09-04','18:00:00.000000','10:00:00.000000',2),(185,'2026-09-08','18:00:00.000000','10:00:00.000000',2),(186,'2026-09-11','18:00:00.000000','10:00:00.000000',2),(187,'2026-09-09','18:00:00.000000','10:00:00.000000',2),(188,'2026-09-12','18:00:00.000000','10:00:00.000000',2),(189,'2026-09-13','18:00:00.000000','10:00:00.000000',2),(190,'2026-09-15','18:00:00.000000','10:00:00.000000',2),(191,'2026-09-14','18:00:00.000000','10:00:00.000000',2),(192,'2026-09-16','18:00:00.000000','10:00:00.000000',2),(193,'2026-09-19','18:00:00.000000','10:00:00.000000',2),(194,'2026-09-20','18:00:00.000000','10:00:00.000000',2),(195,'2026-09-18','18:00:00.000000','10:00:00.000000',2),(196,'2026-09-21','18:00:00.000000','10:00:00.000000',2),(197,'2026-09-22','18:00:00.000000','10:00:00.000000',2),(198,'2026-09-23','18:00:00.000000','10:00:00.000000',2),(199,'2026-09-26','18:00:00.000000','10:00:00.000000',2),(200,'2026-09-25','18:00:00.000000','10:00:00.000000',2),(201,'2026-09-27','18:00:00.000000','10:00:00.000000',2),(202,'2026-09-28','18:00:00.000000','10:00:00.000000',2),(203,'2026-09-29','18:00:00.000000','10:00:00.000000',2),(204,'2026-09-30','18:00:00.000000','10:00:00.000000',2),(205,'2026-10-02','18:00:00.000000','10:00:00.000000',2),(206,'2026-10-03','18:00:00.000000','10:00:00.000000',2),(207,'2026-10-06','18:00:00.000000','10:00:00.000000',2),(208,'2026-10-04','18:00:00.000000','10:00:00.000000',2),(209,'2026-10-05','18:00:00.000000','10:00:00.000000',2),(210,'2026-10-07','18:00:00.000000','10:00:00.000000',2),(211,'2026-10-09','18:00:00.000000','10:00:00.000000',2),(212,'2026-10-10','18:00:00.000000','10:00:00.000000',2),(213,'2026-10-13','18:00:00.000000','10:00:00.000000',2),(214,'2026-10-11','18:00:00.000000','10:00:00.000000',2),(215,'2026-10-14','18:00:00.000000','10:00:00.000000',2),(216,'2026-10-12','18:00:00.000000','10:00:00.000000',2),(217,'2026-10-16','18:00:00.000000','10:00:00.000000',2),(218,'2026-10-17','18:00:00.000000','10:00:00.000000',2),(219,'2026-10-18','18:00:00.000000','10:00:00.000000',2),(220,'2026-10-19','18:00:00.000000','10:00:00.000000',2),(221,'2026-10-20','18:00:00.000000','10:00:00.000000',2),(222,'2026-10-21','18:00:00.000000','10:00:00.000000',2),(223,'2026-10-24','18:00:00.000000','10:00:00.000000',2),(224,'2026-10-23','18:00:00.000000','10:00:00.000000',2),(225,'2026-10-25','18:00:00.000000','10:00:00.000000',2),(226,'2026-10-26','18:00:00.000000','10:00:00.000000',2),(227,'2026-10-28','18:00:00.000000','10:00:00.000000',2),(228,'2026-10-31','18:00:00.000000','10:00:00.000000',2),(229,'2026-11-01','18:00:00.000000','10:00:00.000000',2),(230,'2026-10-27','18:00:00.000000','10:00:00.000000',2),(231,'2026-11-02','18:00:00.000000','10:00:00.000000',2),(232,'2026-10-30','18:00:00.000000','10:00:00.000000',2),(233,'2026-11-03','18:00:00.000000','10:00:00.000000',2),(234,'2026-11-04','18:00:00.000000','10:00:00.000000',2),(235,'2026-11-06','18:00:00.000000','10:00:00.000000',2),(236,'2026-11-07','18:00:00.000000','10:00:00.000000',2),(237,'2026-11-10','18:00:00.000000','10:00:00.000000',2),(238,'2026-11-08','18:00:00.000000','10:00:00.000000',2),(239,'2026-11-09','18:00:00.000000','10:00:00.000000',2),(240,'2026-11-11','18:00:00.000000','10:00:00.000000',2),(241,'2026-11-14','18:00:00.000000','10:00:00.000000',2),(242,'2026-11-16','18:00:00.000000','10:00:00.000000',2),(243,'2026-11-15','18:00:00.000000','10:00:00.000000',2),(244,'2026-11-13','18:00:00.000000','10:00:00.000000',2),(245,'2026-11-17','18:00:00.000000','10:00:00.000000',2),(246,'2026-11-18','18:00:00.000000','10:00:00.000000',2),(247,'2026-11-20','18:00:00.000000','10:00:00.000000',2),(248,'2026-11-21','18:00:00.000000','10:00:00.000000',2),(249,'2026-11-23','18:00:00.000000','10:00:00.000000',2),(250,'2026-11-24','18:00:00.000000','10:00:00.000000',2),(251,'2026-11-22','18:00:00.000000','10:00:00.000000',2),(252,'2026-11-25','18:00:00.000000','10:00:00.000000',2),(253,'2026-11-27','18:00:00.000000','10:00:00.000000',2),(254,'2026-11-29','18:00:00.000000','10:00:00.000000',2),(255,'2026-11-28','18:00:00.000000','10:00:00.000000',2),(256,'2026-12-01','18:00:00.000000','10:00:00.000000',2),(257,'2026-11-30','18:00:00.000000','10:00:00.000000',2),(258,'2026-12-02','18:00:00.000000','10:00:00.000000',2),(259,'2026-12-05','18:00:00.000000','10:00:00.000000',2),(260,'2026-12-04','18:00:00.000000','10:00:00.000000',2),(261,'2026-12-08','18:00:00.000000','10:00:00.000000',2),(262,'2026-12-07','18:00:00.000000','10:00:00.000000',2),(263,'2026-12-06','18:00:00.000000','10:00:00.000000',2),(264,'2026-12-09','18:00:00.000000','10:00:00.000000',2),(265,'2026-12-12','18:00:00.000000','10:00:00.000000',2),(266,'2026-12-11','18:00:00.000000','10:00:00.000000',2),(267,'2026-12-13','18:00:00.000000','10:00:00.000000',2),(268,'2026-12-16','18:00:00.000000','10:00:00.000000',2),(269,'2026-12-15','18:00:00.000000','10:00:00.000000',2),(270,'2026-12-14','18:00:00.000000','10:00:00.000000',2),(271,'2026-12-18','18:00:00.000000','10:00:00.000000',2),(272,'2026-12-20','18:00:00.000000','10:00:00.000000',2),(273,'2026-12-19','18:00:00.000000','10:00:00.000000',2),(274,'2026-12-22','18:00:00.000000','10:00:00.000000',2),(275,'2026-12-21','18:00:00.000000','10:00:00.000000',2),(276,'2026-12-23','18:00:00.000000','10:00:00.000000',2),(277,'2026-12-27','18:00:00.000000','10:00:00.000000',2),(278,'2026-12-25','18:00:00.000000','10:00:00.000000',2),(279,'2026-12-28','18:00:00.000000','10:00:00.000000',2),(280,'2026-12-30','18:00:00.000000','10:00:00.000000',2),(281,'2026-12-26','18:00:00.000000','10:00:00.000000',2),(282,'2026-12-29','18:00:00.000000','10:00:00.000000',2),(284,'2026-07-22','17:30:00.000000','09:30:00.000000',3),(285,'2026-07-24','17:30:00.000000','09:30:00.000000',3),(286,'2026-07-26','17:30:00.000000','09:30:00.000000',3),(287,'2026-07-27','17:30:00.000000','09:30:00.000000',3),(288,'2026-07-29','17:30:00.000000','09:30:00.000000',3),(289,'2026-07-31','17:30:00.000000','09:30:00.000000',3),(290,'2026-08-02','17:30:00.000000','09:30:00.000000',3),(291,'2026-08-05','17:30:00.000000','09:30:00.000000',3),(292,'2026-08-09','17:30:00.000000','09:30:00.000000',3),(293,'2026-08-10','17:30:00.000000','09:30:00.000000',3),(294,'2026-08-03','17:30:00.000000','09:30:00.000000',3),(295,'2026-08-07','17:30:00.000000','09:30:00.000000',3),(296,'2026-08-14','17:30:00.000000','09:30:00.000000',3),(297,'2026-08-12','17:30:00.000000','09:30:00.000000',3),(298,'2026-08-16','17:30:00.000000','09:30:00.000000',3),(299,'2026-08-17','17:30:00.000000','09:30:00.000000',3),(300,'2026-08-21','17:30:00.000000','09:30:00.000000',3),(301,'2026-08-19','17:30:00.000000','09:30:00.000000',3),(302,'2026-08-24','17:30:00.000000','09:30:00.000000',3),(303,'2026-08-26','17:30:00.000000','09:30:00.000000',3),(304,'2026-08-23','17:30:00.000000','09:30:00.000000',3),(305,'2026-08-30','17:30:00.000000','09:30:00.000000',3),(306,'2026-08-28','17:30:00.000000','09:30:00.000000',3),(307,'2026-08-31','17:30:00.000000','09:30:00.000000',3),(308,'2026-09-02','17:30:00.000000','09:30:00.000000',3),(309,'2026-09-04','17:30:00.000000','09:30:00.000000',3),(310,'2026-09-07','17:30:00.000000','09:30:00.000000',3),(311,'2026-09-06','17:30:00.000000','09:30:00.000000',3),(312,'2026-09-11','17:30:00.000000','09:30:00.000000',3),(313,'2026-09-09','17:30:00.000000','09:30:00.000000',3),(314,'2026-09-13','17:30:00.000000','09:30:00.000000',3),(315,'2026-09-14','17:30:00.000000','09:30:00.000000',3),(316,'2026-09-18','17:30:00.000000','09:30:00.000000',3),(317,'2026-09-20','17:30:00.000000','09:30:00.000000',3),(318,'2026-09-21','17:30:00.000000','09:30:00.000000',3),(319,'2026-09-16','17:30:00.000000','09:30:00.000000',3),(320,'2026-09-23','17:30:00.000000','09:30:00.000000',3),(321,'2026-09-27','17:30:00.000000','09:30:00.000000',3),(322,'2026-09-30','17:30:00.000000','09:30:00.000000',3),(323,'2026-09-25','17:30:00.000000','09:30:00.000000',3),(324,'2026-10-02','17:30:00.000000','09:30:00.000000',3),(325,'2026-09-28','17:30:00.000000','09:30:00.000000',3),(326,'2026-10-04','17:30:00.000000','09:30:00.000000',3),(327,'2026-10-07','17:30:00.000000','09:30:00.000000',3),(328,'2026-10-05','17:30:00.000000','09:30:00.000000',3),(329,'2026-10-11','17:30:00.000000','09:30:00.000000',3),(330,'2026-10-09','17:30:00.000000','09:30:00.000000',3),(331,'2026-10-12','17:30:00.000000','09:30:00.000000',3),(332,'2026-10-14','17:30:00.000000','09:30:00.000000',3),(333,'2026-10-16','17:30:00.000000','09:30:00.000000',3),(334,'2026-10-19','17:30:00.000000','09:30:00.000000',3),(335,'2026-10-21','17:30:00.000000','09:30:00.000000',3),(336,'2026-10-18','17:30:00.000000','09:30:00.000000',3),(337,'2026-10-23','17:30:00.000000','09:30:00.000000',3),(338,'2026-10-25','17:30:00.000000','09:30:00.000000',3),(339,'2026-10-30','17:30:00.000000','09:30:00.000000',3),(340,'2026-10-26','17:30:00.000000','09:30:00.000000',3),(341,'2026-10-28','17:30:00.000000','09:30:00.000000',3),(342,'2026-11-01','17:30:00.000000','09:30:00.000000',3),(343,'2026-11-02','17:30:00.000000','09:30:00.000000',3),(344,'2026-11-08','17:30:00.000000','09:30:00.000000',3),(345,'2026-11-04','17:30:00.000000','09:30:00.000000',3),(346,'2026-11-06','17:30:00.000000','09:30:00.000000',3),(347,'2026-11-09','17:30:00.000000','09:30:00.000000',3),(348,'2026-11-13','17:30:00.000000','09:30:00.000000',3),(349,'2026-11-11','17:30:00.000000','09:30:00.000000',3),(350,'2026-11-18','17:30:00.000000','09:30:00.000000',3),(351,'2026-11-15','17:30:00.000000','09:30:00.000000',3),(352,'2026-11-16','17:30:00.000000','09:30:00.000000',3),(353,'2026-11-20','17:30:00.000000','09:30:00.000000',3),(354,'2026-11-22','17:30:00.000000','09:30:00.000000',3),(355,'2026-11-23','17:30:00.000000','09:30:00.000000',3),(356,'2026-11-25','17:30:00.000000','09:30:00.000000',3),(357,'2026-11-30','17:30:00.000000','09:30:00.000000',3),(358,'2026-11-27','17:30:00.000000','09:30:00.000000',3),(359,'2026-11-29','17:30:00.000000','09:30:00.000000',3),(360,'2026-12-02','17:30:00.000000','09:30:00.000000',3),(361,'2026-12-04','17:30:00.000000','09:30:00.000000',3),(362,'2026-12-06','17:30:00.000000','09:30:00.000000',3),(363,'2026-12-11','17:30:00.000000','09:30:00.000000',3),(364,'2026-12-09','17:30:00.000000','09:30:00.000000',3),(365,'2026-12-07','17:30:00.000000','09:30:00.000000',3),(366,'2026-12-13','17:30:00.000000','09:30:00.000000',3),(367,'2026-12-14','17:30:00.000000','09:30:00.000000',3),(368,'2026-12-16','17:30:00.000000','09:30:00.000000',3),(369,'2026-12-20','17:30:00.000000','09:30:00.000000',3),(370,'2026-12-21','17:30:00.000000','09:30:00.000000',3),(371,'2026-12-18','17:30:00.000000','09:30:00.000000',3),(372,'2026-12-25','17:30:00.000000','09:30:00.000000',3),(373,'2026-12-23','17:30:00.000000','09:30:00.000000',3),(374,'2026-12-27','17:30:00.000000','09:30:00.000000',3),(375,'2026-12-28','17:30:00.000000','09:30:00.000000',3),(376,'2026-12-30','17:30:00.000000','09:30:00.000000',3),(377,'2026-07-26','15:00:00.000000','11:00:00.000000',4),(378,'2026-07-25','15:00:00.000000','11:00:00.000000',4),(379,'2026-07-22','15:00:00.000000','11:00:00.000000',4),(380,'2026-07-23','15:00:00.000000','11:00:00.000000',4),(381,'2026-07-28','15:00:00.000000','11:00:00.000000',4),(382,'2026-07-27','15:00:00.000000','11:00:00.000000',4),(383,'2026-07-29','15:00:00.000000','11:00:00.000000',4),(384,'2026-07-30','15:00:00.000000','11:00:00.000000',4),(385,'2026-08-03','15:00:00.000000','11:00:00.000000',4),(386,'2026-08-01','15:00:00.000000','11:00:00.000000',4),(387,'2026-08-02','15:00:00.000000','11:00:00.000000',4),(388,'2026-08-04','15:00:00.000000','11:00:00.000000',4),(389,'2026-08-06','15:00:00.000000','11:00:00.000000',4),(390,'2026-08-05','15:00:00.000000','11:00:00.000000',4),(391,'2026-08-08','15:00:00.000000','11:00:00.000000',4),(392,'2026-08-09','15:00:00.000000','11:00:00.000000',4),(393,'2026-08-11','15:00:00.000000','11:00:00.000000',4),(394,'2026-08-10','15:00:00.000000','11:00:00.000000',4),(395,'2026-08-12','15:00:00.000000','11:00:00.000000',4),(396,'2026-08-13','15:00:00.000000','11:00:00.000000',4),(397,'2026-08-15','15:00:00.000000','11:00:00.000000',4),(398,'2026-08-16','15:00:00.000000','11:00:00.000000',4),(399,'2026-08-19','15:00:00.000000','11:00:00.000000',4),(400,'2026-08-17','15:00:00.000000','11:00:00.000000',4),(401,'2026-08-20','15:00:00.000000','11:00:00.000000',4),(402,'2026-08-18','15:00:00.000000','11:00:00.000000',4),(403,'2026-08-22','15:00:00.000000','11:00:00.000000',4),(404,'2026-08-23','15:00:00.000000','11:00:00.000000',4),(405,'2026-08-24','15:00:00.000000','11:00:00.000000',4),(406,'2026-08-25','15:00:00.000000','11:00:00.000000',4),(407,'2026-08-26','15:00:00.000000','11:00:00.000000',4),(408,'2026-08-27','15:00:00.000000','11:00:00.000000',4),(409,'2026-08-29','15:00:00.000000','11:00:00.000000',4),(410,'2026-08-30','15:00:00.000000','11:00:00.000000',4),(411,'2026-08-31','15:00:00.000000','11:00:00.000000',4),(412,'2026-09-02','15:00:00.000000','11:00:00.000000',4),(413,'2026-09-01','15:00:00.000000','11:00:00.000000',4),(414,'2026-09-03','15:00:00.000000','11:00:00.000000',4),(415,'2026-09-05','15:00:00.000000','11:00:00.000000',4),(416,'2026-09-06','15:00:00.000000','11:00:00.000000',4),(417,'2026-09-07','15:00:00.000000','11:00:00.000000',4),(418,'2026-09-08','15:00:00.000000','11:00:00.000000',4),(419,'2026-09-12','15:00:00.000000','11:00:00.000000',4),(420,'2026-09-09','15:00:00.000000','11:00:00.000000',4),(421,'2026-09-10','15:00:00.000000','11:00:00.000000',4),(422,'2026-09-13','15:00:00.000000','11:00:00.000000',4),(423,'2026-09-14','15:00:00.000000','11:00:00.000000',4),(424,'2026-09-15','15:00:00.000000','11:00:00.000000',4),(425,'2026-09-17','15:00:00.000000','11:00:00.000000',4),(426,'2026-09-20','15:00:00.000000','11:00:00.000000',4),(427,'2026-09-16','15:00:00.000000','11:00:00.000000',4),(428,'2026-09-21','15:00:00.000000','11:00:00.000000',4),(429,'2026-09-19','15:00:00.000000','11:00:00.000000',4),(430,'2026-09-22','15:00:00.000000','11:00:00.000000',4),(431,'2026-09-23','15:00:00.000000','11:00:00.000000',4),(432,'2026-09-26','15:00:00.000000','11:00:00.000000',4),(433,'2026-09-24','15:00:00.000000','11:00:00.000000',4),(434,'2026-09-28','15:00:00.000000','11:00:00.000000',4),(435,'2026-09-27','15:00:00.000000','11:00:00.000000',4),(436,'2026-09-29','15:00:00.000000','11:00:00.000000',4),(437,'2026-09-30','15:00:00.000000','11:00:00.000000',4),(438,'2026-10-01','15:00:00.000000','11:00:00.000000',4),(439,'2026-10-03','15:00:00.000000','11:00:00.000000',4),(440,'2026-10-04','15:00:00.000000','11:00:00.000000',4),(441,'2026-10-05','15:00:00.000000','11:00:00.000000',4),(442,'2026-10-06','15:00:00.000000','11:00:00.000000',4),(443,'2026-10-07','15:00:00.000000','11:00:00.000000',4),(444,'2026-10-08','15:00:00.000000','11:00:00.000000',4),(445,'2026-10-10','15:00:00.000000','11:00:00.000000',4),(446,'2026-10-11','15:00:00.000000','11:00:00.000000',4),(447,'2026-10-12','15:00:00.000000','11:00:00.000000',4),(448,'2026-10-13','15:00:00.000000','11:00:00.000000',4),(449,'2026-10-14','15:00:00.000000','11:00:00.000000',4),(450,'2026-10-15','15:00:00.000000','11:00:00.000000',4),(451,'2026-10-18','15:00:00.000000','11:00:00.000000',4),(452,'2026-10-17','15:00:00.000000','11:00:00.000000',4),(453,'2026-10-19','15:00:00.000000','11:00:00.000000',4),(454,'2026-10-20','15:00:00.000000','11:00:00.000000',4),(455,'2026-10-22','15:00:00.000000','11:00:00.000000',4),(456,'2026-10-21','15:00:00.000000','11:00:00.000000',4),(457,'2026-10-25','15:00:00.000000','11:00:00.000000',4),(458,'2026-10-26','15:00:00.000000','11:00:00.000000',4),(459,'2026-10-24','15:00:00.000000','11:00:00.000000',4),(460,'2026-10-28','15:00:00.000000','11:00:00.000000',4),(461,'2026-10-29','15:00:00.000000','11:00:00.000000',4),(462,'2026-10-27','15:00:00.000000','11:00:00.000000',4),(463,'2026-10-31','15:00:00.000000','11:00:00.000000',4),(464,'2026-11-02','15:00:00.000000','11:00:00.000000',4),(465,'2026-11-04','15:00:00.000000','11:00:00.000000',4),(466,'2026-11-01','15:00:00.000000','11:00:00.000000',4),(467,'2026-11-03','15:00:00.000000','11:00:00.000000',4),(468,'2026-11-05','15:00:00.000000','11:00:00.000000',4),(469,'2026-11-08','15:00:00.000000','11:00:00.000000',4),(470,'2026-11-07','15:00:00.000000','11:00:00.000000',4),(471,'2026-11-10','15:00:00.000000','11:00:00.000000',4),(472,'2026-11-09','15:00:00.000000','11:00:00.000000',4),(473,'2026-11-11','15:00:00.000000','11:00:00.000000',4),(474,'2026-11-12','15:00:00.000000','11:00:00.000000',4),(475,'2026-11-16','15:00:00.000000','11:00:00.000000',4),(476,'2026-11-14','15:00:00.000000','11:00:00.000000',4),(477,'2026-11-15','15:00:00.000000','11:00:00.000000',4),(478,'2026-11-17','15:00:00.000000','11:00:00.000000',4),(479,'2026-11-18','15:00:00.000000','11:00:00.000000',4),(480,'2026-11-21','15:00:00.000000','11:00:00.000000',4),(481,'2026-11-24','15:00:00.000000','11:00:00.000000',4),(482,'2026-11-22','15:00:00.000000','11:00:00.000000',4),(483,'2026-11-19','15:00:00.000000','11:00:00.000000',4),(484,'2026-11-23','15:00:00.000000','11:00:00.000000',4),(485,'2026-11-25','15:00:00.000000','11:00:00.000000',4),(486,'2026-11-28','15:00:00.000000','11:00:00.000000',4),(487,'2026-11-26','15:00:00.000000','11:00:00.000000',4),(488,'2026-11-30','15:00:00.000000','11:00:00.000000',4),(489,'2026-11-29','15:00:00.000000','11:00:00.000000',4),(490,'2026-12-01','15:00:00.000000','11:00:00.000000',4),(491,'2026-12-02','15:00:00.000000','11:00:00.000000',4),(492,'2026-12-03','15:00:00.000000','11:00:00.000000',4),(493,'2026-12-07','15:00:00.000000','11:00:00.000000',4),(494,'2026-12-05','15:00:00.000000','11:00:00.000000',4),(495,'2026-12-06','15:00:00.000000','11:00:00.000000',4),(496,'2026-12-08','15:00:00.000000','11:00:00.000000',4),(497,'2026-12-09','15:00:00.000000','11:00:00.000000',4),(498,'2026-12-10','15:00:00.000000','11:00:00.000000',4),(499,'2026-12-12','15:00:00.000000','11:00:00.000000',4),(500,'2026-12-13','15:00:00.000000','11:00:00.000000',4),(501,'2026-12-14','15:00:00.000000','11:00:00.000000',4),(502,'2026-12-15','15:00:00.000000','11:00:00.000000',4),(503,'2026-12-16','15:00:00.000000','11:00:00.000000',4),(504,'2026-12-20','15:00:00.000000','11:00:00.000000',4),(505,'2026-12-17','15:00:00.000000','11:00:00.000000',4),(506,'2026-12-21','15:00:00.000000','11:00:00.000000',4),(507,'2026-12-22','15:00:00.000000','11:00:00.000000',4),(508,'2026-12-19','15:00:00.000000','11:00:00.000000',4),(509,'2026-12-23','15:00:00.000000','11:00:00.000000',4),(510,'2026-12-26','15:00:00.000000','11:00:00.000000',4),(511,'2026-12-24','15:00:00.000000','11:00:00.000000',4),(512,'2026-12-27','15:00:00.000000','11:00:00.000000',4),(513,'2026-12-28','15:00:00.000000','11:00:00.000000',4),(514,'2026-12-29','15:00:00.000000','11:00:00.000000',4),(515,'2026-12-31','15:00:00.000000','11:00:00.000000',4),(516,'2026-12-30','15:00:00.000000','11:00:00.000000',4),(517,'2026-07-28','23:00:00.000000','15:00:00.000000',5),(518,'2026-07-22','23:00:00.000000','15:00:00.000000',5),(519,'2026-07-31','23:00:00.000000','15:00:00.000000',5),(520,'2026-07-29','23:00:00.000000','15:00:00.000000',5),(521,'2026-07-30','23:00:00.000000','15:00:00.000000',5),(522,'2026-08-01','23:00:00.000000','15:00:00.000000',5),(523,'2026-07-25','23:00:00.000000','15:00:00.000000',5),(524,'2026-07-23','23:00:00.000000','15:00:00.000000',5),(525,'2026-08-03','23:00:00.000000','15:00:00.000000',5),(526,'2026-07-27','23:00:00.000000','15:00:00.000000',5),(527,'2026-07-24','23:00:00.000000','15:00:00.000000',5),(528,'2026-08-04','23:00:00.000000','15:00:00.000000',5),(529,'2026-08-06','23:00:00.000000','15:00:00.000000',5),(530,'2026-08-07','23:00:00.000000','15:00:00.000000',5),(531,'2026-08-05','23:00:00.000000','15:00:00.000000',5),(532,'2026-08-10','23:00:00.000000','15:00:00.000000',5),(533,'2026-08-08','23:00:00.000000','15:00:00.000000',5),(534,'2026-08-11','23:00:00.000000','15:00:00.000000',5),(535,'2026-08-12','23:00:00.000000','15:00:00.000000',5),(536,'2026-08-13','23:00:00.000000','15:00:00.000000',5),(537,'2026-08-14','23:00:00.000000','15:00:00.000000',5),(538,'2026-08-15','23:00:00.000000','15:00:00.000000',5),(539,'2026-08-17','23:00:00.000000','15:00:00.000000',5),(540,'2026-08-18','23:00:00.000000','15:00:00.000000',5),(541,'2026-08-20','23:00:00.000000','15:00:00.000000',5),(542,'2026-08-19','23:00:00.000000','15:00:00.000000',5),(543,'2026-08-21','23:00:00.000000','15:00:00.000000',5),(544,'2026-08-22','23:00:00.000000','15:00:00.000000',5),(545,'2026-08-24','23:00:00.000000','15:00:00.000000',5),(546,'2026-08-25','23:00:00.000000','15:00:00.000000',5),(547,'2026-08-26','23:00:00.000000','15:00:00.000000',5),(548,'2026-08-27','23:00:00.000000','15:00:00.000000',5),(549,'2026-08-31','23:00:00.000000','15:00:00.000000',5),(550,'2026-08-28','23:00:00.000000','15:00:00.000000',5),(551,'2026-08-29','23:00:00.000000','15:00:00.000000',5),(552,'2026-09-03','23:00:00.000000','15:00:00.000000',5),(553,'2026-09-01','23:00:00.000000','15:00:00.000000',5),(554,'2026-09-02','23:00:00.000000','15:00:00.000000',5),(555,'2026-09-05','23:00:00.000000','15:00:00.000000',5),(556,'2026-09-04','23:00:00.000000','15:00:00.000000',5),(557,'2026-09-07','23:00:00.000000','15:00:00.000000',5),(558,'2026-09-09','23:00:00.000000','15:00:00.000000',5),(559,'2026-09-10','23:00:00.000000','15:00:00.000000',5),(560,'2026-09-08','23:00:00.000000','15:00:00.000000',5),(561,'2026-09-11','23:00:00.000000','15:00:00.000000',5),(562,'2026-09-14','23:00:00.000000','15:00:00.000000',5),(563,'2026-09-12','23:00:00.000000','15:00:00.000000',5),(564,'2026-09-17','23:00:00.000000','15:00:00.000000',5),(565,'2026-09-15','23:00:00.000000','15:00:00.000000',5),(566,'2026-09-16','23:00:00.000000','15:00:00.000000',5),(567,'2026-09-18','23:00:00.000000','15:00:00.000000',5),(568,'2026-09-19','23:00:00.000000','15:00:00.000000',5),(569,'2026-09-21','23:00:00.000000','15:00:00.000000',5),(570,'2026-09-22','23:00:00.000000','15:00:00.000000',5),(571,'2026-09-23','23:00:00.000000','15:00:00.000000',5),(572,'2026-09-26','23:00:00.000000','15:00:00.000000',5),(573,'2026-09-28','23:00:00.000000','15:00:00.000000',5),(574,'2026-09-24','23:00:00.000000','15:00:00.000000',5),(575,'2026-09-25','23:00:00.000000','15:00:00.000000',5),(576,'2026-09-29','23:00:00.000000','15:00:00.000000',5),(577,'2026-09-30','23:00:00.000000','15:00:00.000000',5),(578,'2026-10-01','23:00:00.000000','15:00:00.000000',5),(579,'2026-10-05','23:00:00.000000','15:00:00.000000',5),(580,'2026-10-03','23:00:00.000000','15:00:00.000000',5),(581,'2026-10-02','23:00:00.000000','15:00:00.000000',5),(582,'2026-10-06','23:00:00.000000','15:00:00.000000',5),(583,'2026-10-08','23:00:00.000000','15:00:00.000000',5),(584,'2026-10-07','23:00:00.000000','15:00:00.000000',5),(585,'2026-10-09','23:00:00.000000','15:00:00.000000',5),(586,'2026-10-10','23:00:00.000000','15:00:00.000000',5),(587,'2026-10-12','23:00:00.000000','15:00:00.000000',5),(588,'2026-10-13','23:00:00.000000','15:00:00.000000',5),(589,'2026-10-15','23:00:00.000000','15:00:00.000000',5),(590,'2026-10-14','23:00:00.000000','15:00:00.000000',5),(591,'2026-10-16','23:00:00.000000','15:00:00.000000',5),(592,'2026-10-17','23:00:00.000000','15:00:00.000000',5),(593,'2026-10-19','23:00:00.000000','15:00:00.000000',5),(594,'2026-10-20','23:00:00.000000','15:00:00.000000',5),(595,'2026-10-21','23:00:00.000000','15:00:00.000000',5),(596,'2026-10-22','23:00:00.000000','15:00:00.000000',5),(597,'2026-10-24','23:00:00.000000','15:00:00.000000',5),(598,'2026-10-26','23:00:00.000000','15:00:00.000000',5),(599,'2026-10-23','23:00:00.000000','15:00:00.000000',5),(600,'2026-10-27','23:00:00.000000','15:00:00.000000',5),(601,'2026-11-02','23:00:00.000000','15:00:00.000000',5),(602,'2026-10-31','23:00:00.000000','15:00:00.000000',5),(603,'2026-10-28','23:00:00.000000','15:00:00.000000',5),(604,'2026-10-29','23:00:00.000000','15:00:00.000000',5),(605,'2026-10-30','23:00:00.000000','15:00:00.000000',5),(606,'2026-11-03','23:00:00.000000','15:00:00.000000',5),(607,'2026-11-05','23:00:00.000000','15:00:00.000000',5),(608,'2026-11-04','23:00:00.000000','15:00:00.000000',5),(609,'2026-11-07','23:00:00.000000','15:00:00.000000',5),(610,'2026-11-06','23:00:00.000000','15:00:00.000000',5),(611,'2026-11-09','23:00:00.000000','15:00:00.000000',5),(612,'2026-11-10','23:00:00.000000','15:00:00.000000',5),(613,'2026-11-11','23:00:00.000000','15:00:00.000000',5),(614,'2026-11-12','23:00:00.000000','15:00:00.000000',5),(615,'2026-11-13','23:00:00.000000','15:00:00.000000',5),(616,'2026-11-14','23:00:00.000000','15:00:00.000000',5),(617,'2026-11-16','23:00:00.000000','15:00:00.000000',5),(618,'2026-11-17','23:00:00.000000','15:00:00.000000',5),(619,'2026-11-18','23:00:00.000000','15:00:00.000000',5),(620,'2026-11-20','23:00:00.000000','15:00:00.000000',5),(621,'2026-11-21','23:00:00.000000','15:00:00.000000',5),(622,'2026-11-19','23:00:00.000000','15:00:00.000000',5),(623,'2026-11-23','23:00:00.000000','15:00:00.000000',5),(624,'2026-11-25','23:00:00.000000','15:00:00.000000',5),(625,'2026-11-24','23:00:00.000000','15:00:00.000000',5),(626,'2026-11-26','23:00:00.000000','15:00:00.000000',5),(627,'2026-11-27','23:00:00.000000','15:00:00.000000',5),(628,'2026-11-28','23:00:00.000000','15:00:00.000000',5),(629,'2026-11-30','23:00:00.000000','15:00:00.000000',5),(630,'2026-12-01','23:00:00.000000','15:00:00.000000',5),(631,'2026-12-03','23:00:00.000000','15:00:00.000000',5),(632,'2026-12-02','23:00:00.000000','15:00:00.000000',5),(633,'2026-12-04','23:00:00.000000','15:00:00.000000',5),(634,'2026-12-05','23:00:00.000000','15:00:00.000000',5),(635,'2026-12-07','23:00:00.000000','15:00:00.000000',5),(636,'2026-12-09','23:00:00.000000','15:00:00.000000',5),(637,'2026-12-08','23:00:00.000000','15:00:00.000000',5),(638,'2026-12-12','23:00:00.000000','15:00:00.000000',5),(639,'2026-12-11','23:00:00.000000','15:00:00.000000',5),(640,'2026-12-10','23:00:00.000000','15:00:00.000000',5),(641,'2026-12-14','23:00:00.000000','15:00:00.000000',5),(642,'2026-12-15','23:00:00.000000','15:00:00.000000',5),(643,'2026-12-17','23:00:00.000000','15:00:00.000000',5),(644,'2026-12-16','23:00:00.000000','15:00:00.000000',5),(645,'2026-12-18','23:00:00.000000','15:00:00.000000',5),(646,'2026-12-19','23:00:00.000000','15:00:00.000000',5),(647,'2026-12-21','23:00:00.000000','15:00:00.000000',5),(648,'2026-12-22','23:00:00.000000','15:00:00.000000',5),(649,'2026-12-25','23:00:00.000000','15:00:00.000000',5),(650,'2026-12-23','23:00:00.000000','15:00:00.000000',5),(651,'2026-12-24','23:00:00.000000','15:00:00.000000',5),(652,'2026-12-26','23:00:00.000000','15:00:00.000000',5),(653,'2026-12-28','23:00:00.000000','15:00:00.000000',5),(654,'2026-12-29','23:00:00.000000','15:00:00.000000',5),(655,'2026-12-31','23:00:00.000000','15:00:00.000000',5),(656,'2026-12-30','23:00:00.000000','15:00:00.000000',5),(657,'2026-07-25','21:00:00.000000','17:00:00.000000',6),(658,'2026-07-24','21:00:00.000000','17:00:00.000000',6),(659,'2026-07-23','21:00:00.000000','17:00:00.000000',6),(660,'2026-07-22','21:00:00.000000','17:00:00.000000',6),(661,'2026-07-28','21:00:00.000000','17:00:00.000000',6),(662,'2026-07-26','21:00:00.000000','17:00:00.000000',6),(663,'2026-07-31','21:00:00.000000','17:00:00.000000',6),(664,'2026-07-30','21:00:00.000000','17:00:00.000000',6),(665,'2026-07-29','21:00:00.000000','17:00:00.000000',6),(666,'2026-08-02','21:00:00.000000','17:00:00.000000',6),(667,'2026-08-01','21:00:00.000000','17:00:00.000000',6),(668,'2026-08-04','21:00:00.000000','17:00:00.000000',6),(669,'2026-08-05','21:00:00.000000','17:00:00.000000',6),(670,'2026-08-07','21:00:00.000000','17:00:00.000000',6),(671,'2026-08-06','21:00:00.000000','17:00:00.000000',6),(672,'2026-08-08','21:00:00.000000','17:00:00.000000',6),(673,'2026-08-09','21:00:00.000000','17:00:00.000000',6),(674,'2026-08-12','21:00:00.000000','17:00:00.000000',6),(675,'2026-08-11','21:00:00.000000','17:00:00.000000',6),(676,'2026-08-13','21:00:00.000000','17:00:00.000000',6),(677,'2026-08-14','21:00:00.000000','17:00:00.000000',6),(678,'2026-08-15','21:00:00.000000','17:00:00.000000',6),(679,'2026-08-18','21:00:00.000000','17:00:00.000000',6),(680,'2026-08-16','21:00:00.000000','17:00:00.000000',6),(681,'2026-08-19','21:00:00.000000','17:00:00.000000',6),(682,'2026-08-20','21:00:00.000000','17:00:00.000000',6),(683,'2026-08-21','21:00:00.000000','17:00:00.000000',6),(684,'2026-08-22','21:00:00.000000','17:00:00.000000',6),(685,'2026-08-25','21:00:00.000000','17:00:00.000000',6),(686,'2026-08-23','21:00:00.000000','17:00:00.000000',6),(687,'2026-08-26','21:00:00.000000','17:00:00.000000',6),(688,'2026-08-27','21:00:00.000000','17:00:00.000000',6),(689,'2026-08-28','21:00:00.000000','17:00:00.000000',6),(690,'2026-08-29','21:00:00.000000','17:00:00.000000',6),(691,'2026-09-01','21:00:00.000000','17:00:00.000000',6),(692,'2026-08-30','21:00:00.000000','17:00:00.000000',6),(693,'2026-09-02','21:00:00.000000','17:00:00.000000',6),(694,'2026-09-03','21:00:00.000000','17:00:00.000000',6),(695,'2026-09-04','21:00:00.000000','17:00:00.000000',6),(696,'2026-09-05','21:00:00.000000','17:00:00.000000',6),(697,'2026-09-06','21:00:00.000000','17:00:00.000000',6),(698,'2026-09-08','21:00:00.000000','17:00:00.000000',6),(699,'2026-09-09','21:00:00.000000','17:00:00.000000',6),(700,'2026-09-10','21:00:00.000000','17:00:00.000000',6),(701,'2026-09-11','21:00:00.000000','17:00:00.000000',6),(702,'2026-09-13','21:00:00.000000','17:00:00.000000',6),(703,'2026-09-12','21:00:00.000000','17:00:00.000000',6),(704,'2026-09-15','21:00:00.000000','17:00:00.000000',6),(705,'2026-09-16','21:00:00.000000','17:00:00.000000',6),(706,'2026-09-17','21:00:00.000000','17:00:00.000000',6),(707,'2026-09-18','21:00:00.000000','17:00:00.000000',6),(708,'2026-09-19','21:00:00.000000','17:00:00.000000',6),(709,'2026-09-20','21:00:00.000000','17:00:00.000000',6),(710,'2026-09-23','21:00:00.000000','17:00:00.000000',6),(711,'2026-09-22','21:00:00.000000','17:00:00.000000',6),(712,'2026-09-25','21:00:00.000000','17:00:00.000000',6),(713,'2026-09-24','21:00:00.000000','17:00:00.000000',6),(714,'2026-09-26','21:00:00.000000','17:00:00.000000',6),(715,'2026-09-27','21:00:00.000000','17:00:00.000000',6),(716,'2026-09-29','21:00:00.000000','17:00:00.000000',6),(717,'2026-10-03','21:00:00.000000','17:00:00.000000',6),(718,'2026-09-30','21:00:00.000000','17:00:00.000000',6),(719,'2026-10-01','21:00:00.000000','17:00:00.000000',6),(720,'2026-10-02','21:00:00.000000','17:00:00.000000',6),(721,'2026-10-04','21:00:00.000000','17:00:00.000000',6),(722,'2026-10-06','21:00:00.000000','17:00:00.000000',6),(723,'2026-10-09','21:00:00.000000','17:00:00.000000',6),(724,'2026-10-07','21:00:00.000000','17:00:00.000000',6),(725,'2026-10-08','21:00:00.000000','17:00:00.000000',6),(726,'2026-10-10','21:00:00.000000','17:00:00.000000',6),(727,'2026-10-11','21:00:00.000000','17:00:00.000000',6),(728,'2026-10-13','21:00:00.000000','17:00:00.000000',6),(729,'2026-10-14','21:00:00.000000','17:00:00.000000',6),(730,'2026-10-15','21:00:00.000000','17:00:00.000000',6),(731,'2026-10-17','21:00:00.000000','17:00:00.000000',6),(732,'2026-10-16','21:00:00.000000','17:00:00.000000',6),(733,'2026-10-18','21:00:00.000000','17:00:00.000000',6),(734,'2026-10-20','21:00:00.000000','17:00:00.000000',6),(735,'2026-10-21','21:00:00.000000','17:00:00.000000',6),(736,'2026-10-24','21:00:00.000000','17:00:00.000000',6),(737,'2026-10-22','21:00:00.000000','17:00:00.000000',6),(738,'2026-10-25','21:00:00.000000','17:00:00.000000',6),(739,'2026-10-23','21:00:00.000000','17:00:00.000000',6),(740,'2026-10-28','21:00:00.000000','17:00:00.000000',6),(741,'2026-10-29','21:00:00.000000','17:00:00.000000',6),(742,'2026-10-30','21:00:00.000000','17:00:00.000000',6),(743,'2026-10-27','21:00:00.000000','17:00:00.000000',6),(744,'2026-11-01','21:00:00.000000','17:00:00.000000',6),(745,'2026-10-31','21:00:00.000000','17:00:00.000000',6),(746,'2026-11-05','21:00:00.000000','17:00:00.000000',6),(747,'2026-11-06','21:00:00.000000','17:00:00.000000',6),(748,'2026-11-03','21:00:00.000000','17:00:00.000000',6),(749,'2026-11-07','21:00:00.000000','17:00:00.000000',6),(750,'2026-11-04','21:00:00.000000','17:00:00.000000',6),(751,'2026-11-08','21:00:00.000000','17:00:00.000000',6),(752,'2026-11-10','21:00:00.000000','17:00:00.000000',6),(753,'2026-11-11','21:00:00.000000','17:00:00.000000',6),(754,'2026-11-12','21:00:00.000000','17:00:00.000000',6),(755,'2026-11-13','21:00:00.000000','17:00:00.000000',6),(756,'2026-11-14','21:00:00.000000','17:00:00.000000',6),(757,'2026-11-15','21:00:00.000000','17:00:00.000000',6),(758,'2026-11-17','21:00:00.000000','17:00:00.000000',6),(759,'2026-11-18','21:00:00.000000','17:00:00.000000',6),(760,'2026-11-19','21:00:00.000000','17:00:00.000000',6),(761,'2026-11-21','21:00:00.000000','17:00:00.000000',6),(762,'2026-11-20','21:00:00.000000','17:00:00.000000',6),(763,'2026-11-22','21:00:00.000000','17:00:00.000000',6),(764,'2026-11-24','21:00:00.000000','17:00:00.000000',6),(765,'2026-11-25','21:00:00.000000','17:00:00.000000',6),(766,'2026-11-26','21:00:00.000000','17:00:00.000000',6),(767,'2026-11-27','21:00:00.000000','17:00:00.000000',6),(768,'2026-11-28','21:00:00.000000','17:00:00.000000',6),(769,'2026-11-29','21:00:00.000000','17:00:00.000000',6),(770,'2026-12-01','21:00:00.000000','17:00:00.000000',6),(771,'2026-12-02','21:00:00.000000','17:00:00.000000',6),(772,'2026-12-03','21:00:00.000000','17:00:00.000000',6),(773,'2026-12-06','21:00:00.000000','17:00:00.000000',6),(774,'2026-12-05','21:00:00.000000','17:00:00.000000',6),(775,'2026-12-04','21:00:00.000000','17:00:00.000000',6),(776,'2026-12-08','21:00:00.000000','17:00:00.000000',6),(777,'2026-12-09','21:00:00.000000','17:00:00.000000',6),(778,'2026-12-12','21:00:00.000000','17:00:00.000000',6),(779,'2026-12-10','21:00:00.000000','17:00:00.000000',6),(780,'2026-12-11','21:00:00.000000','17:00:00.000000',6),(781,'2026-12-15','21:00:00.000000','17:00:00.000000',6),(782,'2026-12-16','21:00:00.000000','17:00:00.000000',6),(783,'2026-12-13','21:00:00.000000','17:00:00.000000',6),(784,'2026-12-20','21:00:00.000000','17:00:00.000000',6),(785,'2026-12-18','21:00:00.000000','17:00:00.000000',6),(786,'2026-12-17','21:00:00.000000','17:00:00.000000',6),(787,'2026-12-19','21:00:00.000000','17:00:00.000000',6),(788,'2026-12-23','21:00:00.000000','17:00:00.000000',6),(789,'2026-12-22','21:00:00.000000','17:00:00.000000',6),(790,'2026-12-26','21:00:00.000000','17:00:00.000000',6),(791,'2026-12-24','21:00:00.000000','17:00:00.000000',6),(792,'2026-12-25','21:00:00.000000','17:00:00.000000',6),(793,'2026-12-27','21:00:00.000000','17:00:00.000000',6),(794,'2026-12-30','21:00:00.000000','17:00:00.000000',6),(795,'2026-12-29','21:00:00.000000','17:00:00.000000',6),(796,'2026-07-23','22:30:00.000000','18:30:00.000000',6),(797,'2026-07-24','22:30:00.000000','18:30:00.000000',6),(798,'2026-07-22','22:30:00.000000','18:30:00.000000',6);
/*!40000 ALTER TABLE `turno_odontologo` ENABLE KEYS */;
UNLOCK TABLES;

--
-- Table structure for table `usuario`
--

DROP TABLE IF EXISTS `usuario`;
/*!40101 SET @saved_cs_client     = @@character_set_client */;
/*!50503 SET character_set_client = utf8mb4 */;
CREATE TABLE `usuario` (
  `id` bigint NOT NULL AUTO_INCREMENT,
  `gmail` varchar(255) DEFAULT NULL,
  `password` varchar(255) NOT NULL,
  `rol` enum('ADMIN','PACIENTE','ODONTOLOGO') NOT NULL,
  `username` varchar(255) NOT NULL,
  PRIMARY KEY (`id`),
  UNIQUE KEY `UK_863n1y3x0jalatoir4325ehal` (`username`)
) ENGINE=InnoDB AUTO_INCREMENT=11 DEFAULT CHARSET=utf8mb4 COLLATE=utf8mb4_0900_ai_ci;
/*!40101 SET character_set_client = @saved_cs_client */;

--
-- Dumping data for table `usuario`
--

LOCK TABLES `usuario` WRITE;
/*!40000 ALTER TABLE `usuario` DISABLE KEYS */;
INSERT INTO `usuario` VALUES (1,'admin@clinica.com','$2a$10$qOgvkvR9JXRga0dhGp54pOcwGAew3BvlYoU6WPbrL9Q0GEASQOQyK','ADMIN','admin'),(2,'dr.smith@clinica.com','$2a$10$UJnNfbKdTWvj8beFA8dsmeM8E4yAR57UAIenaNFUQuEkEqzrHAo2.','ODONTOLOGO','dr.smith'),(3,'dra.ana@clinica.com','$2a$10$DPW8E5Hp/ByY.I7EyFjpK.RB4wZnGrfGLD0SYBy1RN0EF2w9CNj9u','ODONTOLOGO','dra.ana'),(4,'carlos@clinica.com','$2a$10$y55B1RVPqhvN14gbG/a9LOf1sDThIbsjiFuaiNOZVvmVSGP0KfwAe','PACIENTE','carlos'),(5,'maria@clinica.com','$2a$10$aYungE6XFqmOJ.OK6JdmVOvx3F2uvcc90MRdIKuBi.Mt9B6JYrtAu','PACIENTE','maria'),(6,'luis@clinica.com','$2a$10$f3axnlx5HMO.3/R2IUminutwmLLjA/XLThNKjQ19pYbgZvM93yMk6','PACIENTE','luis'),(7,'dr.guillermo.llontop@clinica.com','$2a$10$mp/g6LxOjweC8GmLEnoeeur7FDkObtucwXkvnNwQK4A/qLigJerg6','ODONTOLOGO','dr.guillermo.llontop'),(8,'dr.juan.lozano@clinica.com','$2a$10$QUWmtnbFq9cvXXxyoj69/eDvYlXrtwfDbxLKvixDnOcBWnIyrTfs.','ODONTOLOGO','dr.juan.lozano'),(9,'dr.marcelo.polsent@clinica.com','$2a$10$cfWjBnJvfEmNkgXAVdNT2e5e/kEBenMTYs661ymDNp58X70RAYfca','ODONTOLOGO','dr.marcelo.polsent'),(10,'dr.adrian.vallejos@clinica.com','$2a$10$X1/DEBjLtsm9NqvJfsbqwuCovBzsHkYddfLc9NBvP66s.7jrSH/sq','ODONTOLOGO','dr.adrian.vallejos');
/*!40000 ALTER TABLE `usuario` ENABLE KEYS */;
UNLOCK TABLES;
/*!40103 SET TIME_ZONE=@OLD_TIME_ZONE */;

/*!40101 SET SQL_MODE=@OLD_SQL_MODE */;
/*!40014 SET FOREIGN_KEY_CHECKS=@OLD_FOREIGN_KEY_CHECKS */;
/*!40014 SET UNIQUE_CHECKS=@OLD_UNIQUE_CHECKS */;
/*!40101 SET CHARACTER_SET_CLIENT=@OLD_CHARACTER_SET_CLIENT */;
/*!40101 SET CHARACTER_SET_RESULTS=@OLD_CHARACTER_SET_RESULTS */;
/*!40101 SET COLLATION_CONNECTION=@OLD_COLLATION_CONNECTION */;
/*!40111 SET SQL_NOTES=@OLD_SQL_NOTES */;

-- Dump completed on 2026-07-22  0:13:13
